﻿<config>
	<company>Государственный Эрмитаж, филиал "Дворец Меншикова"</company>
	<contract>12017</contract>
	<code>120170004</code>
	<coefficient>40</coefficient>		
	<timesFormat>k-mm</timesFormat>		
	<times>0-00,1-00,2-00,3-00,4-00,5-00,6-00,7-00,8-00,9-00,9-30,10-00,10-30,11-00,11-30,12-00,12-30,13-00,13-30,14-00,14-30,15-00,15-30,16-00,16-30,17-00,17-30,18-00,18-30,19-00,19-30,20-00,20-30,21-00,21-30,22-00,23-00,24-00</times>
	<type>СЕ303S1 JAZ-543</type>
	<maker>Прокофьева И.В.</maker>
	<correction>0.5</correction>
</config>
	
